{"train_loss": 5.54766845703125, "lr": 4.964139344262295e-06, "_timestamp": 1724064657.8159974, "_runtime": 790.3969414234161, "_step": 323}