{"train_loss": 4.825360298156738, "lr": 2.9984631147540985e-05, "_timestamp": 1724068017.1227038, "_runtime": 3295.699479818344, "_step": 1}